base_name,Fscore_GT_to_Completed,Fscore_Completed_to_GT
ground_576_gt.ply,100.0,100.0
ground_562_gt.ply,100.0,100.0
ground_701_gt.ply,100.0,100.0
ground_1041_gt.ply,100.0,100.0
ground_451_gt.ply,100.0,100.0
ground_879_gt.ply,100.0,100.0
ground_948_gt.ply,100.0,100.0
ground_914_gt.ply,100.0,100.0
ground_14_gt.ply,100.0,100.0
ground_762_gt.ply,100.0,100.0
ground_284_gt.ply,100.0,100.0
ground_994_gt.ply,100.0,100.0
ground_728_gt.ply,100.0,100.0
ground_1300_gt.ply,100.0,100.0
ground_109_gt.ply,100.0,100.0
ground_63_gt.ply,100.0,100.0
ground_940_gt.ply,100.0,100.0
ground_1417_gt.ply,100.0,100.0
ground_1329_gt.ply,100.0,100.0
ground_944_gt.ply,100.0,100.0
ground_258_gt.ply,100.0,100.0
ground_250_gt.ply,100.0,100.0
ground_1213_gt.ply,100.0,100.0
ground_1348_gt.ply,100.0,100.0
ground_676_gt.ply,100.0,100.0
ground_195_gt.ply,100.0,100.0
ground_754_gt.ply,100.0,100.0
ground_696_gt.ply,100.0,100.0
ground_529_gt.ply,100.0,100.0
ground_61_gt.ply,100.0,100.0
ground_1378_gt.ply,100.0,100.0
ground_639_gt.ply,100.0,100.0
ground_388_gt.ply,100.0,100.0
ground_544_gt.ply,100.0,100.0
ground_164_gt.ply,100.0,100.0
ground_240_gt.ply,100.0,100.0
ground_1441_gt.ply,100.0,100.0
ground_169_gt.ply,100.0,100.0
ground_408_gt.ply,100.0,100.0
ground_283_gt.ply,100.0,100.0
ground_160_gt.ply,100.0,100.0
ground_972_gt.ply,100.0,100.0
ground_1003_gt.ply,100.0,100.0
ground_461_gt.ply,100.0,100.0
ground_1443_gt.ply,100.0,100.0
ground_1082_gt.ply,100.0,100.0
ground_881_gt.ply,100.0,100.0
ground_1400_gt.ply,100.0,100.0
ground_355_gt.ply,100.0,100.0
ground_1363_gt.ply,100.0,100.0
ground_466_gt.ply,100.0,100.0
ground_1201_gt.ply,100.0,100.0
ground_1380_gt.ply,100.0,100.0
ground_295_gt.ply,100.0,100.0
ground_711_gt.ply,100.0,100.0
ground_162_gt.ply,100.0,100.0
ground_937_gt.ply,100.0,100.0
ground_1200_gt.ply,100.0,100.0
ground_967_gt.ply,100.0,100.0
ground_956_gt.ply,100.0,100.0
ground_452_gt.ply,100.0,100.0
ground_1142_gt.ply,100.0,100.0
ground_507_gt.ply,100.0,100.0
ground_133_gt.ply,100.0,100.0
ground_1328_gt.ply,100.0,100.0
ground_763_gt.ply,100.0,100.0
ground_1346_gt.ply,100.0,100.0
ground_293_gt.ply,100.0,100.0
ground_1171_gt.ply,100.0,100.0
ground_612_gt.ply,100.0,100.0
ground_579_gt.ply,100.0,100.0
ground_260_gt.ply,100.0,100.0
ground_125_gt.ply,100.0,100.0
ground_1364_gt.ply,100.0,100.0
ground_598_gt.ply,100.0,100.0
ground_1098_gt.ply,100.0,100.0
ground_641_gt.ply,100.0,100.0
ground_1270_gt.ply,100.0,100.0
ground_911_gt.ply,100.0,100.0
ground_823_gt.ply,100.0,100.0
ground_530_gt.ply,100.0,100.0
ground_906_gt.ply,100.0,100.0
ground_1112_gt.ply,100.0,100.0
ground_593_gt.ply,100.0,100.0
ground_155_gt.ply,100.0,100.0
ground_1077_gt.ply,100.0,100.0
ground_1145_gt.ply,100.0,100.0
ground_158_gt.ply,100.0,100.0
ground_624_gt.ply,100.0,100.0
ground_746_gt.ply,100.0,100.0
ground_228_gt.ply,100.0,100.0
ground_1223_gt.ply,100.0,100.0
ground_366_gt.ply,100.0,100.0
ground_1251_gt.ply,100.0,100.0
ground_477_gt.ply,100.0,100.0
ground_900_gt.ply,100.0,100.0
ground_980_gt.ply,100.0,100.0
ground_69_gt.ply,100.0,100.0
ground_1291_gt.ply,100.0,100.0
ground_1034_gt.ply,100.0,100.0
ground_856_gt.ply,100.0,100.0
ground_669_gt.ply,100.0,100.0
ground_509_gt.ply,100.0,100.0
ground_1065_gt.ply,100.0,100.0
ground_320_gt.ply,100.0,100.0
ground_502_gt.ply,100.0,100.0
ground_367_gt.ply,100.0,100.0
ground_601_gt.ply,100.0,100.0
ground_715_gt.ply,100.0,100.0
ground_629_gt.ply,100.0,100.0
ground_1011_gt.ply,100.0,100.0
ground_1357_gt.ply,100.0,100.0
ground_316_gt.ply,100.0,100.0
ground_178_gt.ply,100.0,100.0
ground_873_gt.ply,100.0,100.0
ground_970_gt.ply,100.0,100.0
ground_1215_gt.ply,100.0,100.0
ground_420_gt.ply,100.0,100.0
ground_36_gt.ply,100.0,100.0
ground_415_gt.ply,100.0,100.0
ground_34_gt.ply,100.0,100.0
ground_1021_gt.ply,100.0,100.0
ground_40_gt.ply,100.0,100.0
ground_151_gt.ply,100.0,100.0
ground_1280_gt.ply,100.0,100.0
ground_1116_gt.ply,100.0,100.0
ground_626_gt.ply,100.0,100.0
ground_681_gt.ply,100.0,100.0
ground_1168_gt.ply,100.0,100.0
ground_640_gt.ply,100.0,100.0
ground_1086_gt.ply,100.0,100.0
ground_1091_gt.ply,100.0,100.0
ground_95_gt.ply,100.0,100.0
ground_839_gt.ply,100.0,100.0
ground_1063_gt.ply,100.0,100.0
ground_854_gt.ply,100.0,100.0
ground_971_gt.ply,100.0,100.0
ground_1359_gt.ply,100.0,100.0
ground_1332_gt.ply,100.0,100.0
ground_782_gt.ply,100.0,100.0
ground_1027_gt.ply,100.0,100.0
ground_775_gt.ply,100.0,100.0
ground_1052_gt.ply,100.0,100.0
ground_266_gt.ply,100.0,100.0
ground_723_gt.ply,100.0,100.0
ground_321_gt.ply,100.0,100.0
ground_1163_gt.ply,100.0,100.0
ground_1046_gt.ply,100.0,100.0
ground_634_gt.ply,100.0,100.0
ground_1114_gt.ply,100.0,100.0
ground_571_gt.ply,100.0,100.0
ground_16_gt.ply,100.0,100.0
ground_145_gt.ply,100.0,100.0
ground_596_gt.ply,100.0,100.0
ground_1286_gt.ply,100.0,100.0
ground_23_gt.ply,100.0,100.0
ground_484_gt.ply,100.0,100.0
ground_833_gt.ply,100.0,100.0
ground_1420_gt.ply,100.0,100.0
ground_798_gt.ply,100.0,100.0
ground_656_gt.ply,100.0,100.0
ground_992_gt.ply,100.0,100.0
ground_373_gt.ply,100.0,100.0
ground_1150_gt.ply,100.0,100.0
ground_486_gt.ply,100.0,100.0
ground_436_gt.ply,100.0,100.0
ground_433_gt.ply,100.0,100.0
ground_1001_gt.ply,100.0,100.0
ground_1246_gt.ply,100.0,100.0
ground_1322_gt.ply,100.0,100.0
ground_435_gt.ply,100.0,100.0
ground_936_gt.ply,100.0,100.0
ground_196_gt.ply,100.0,100.0
ground_334_gt.ply,100.0,100.0
ground_1366_gt.ply,100.0,100.0
ground_608_gt.ply,100.0,100.0
ground_518_gt.ply,100.0,100.0
ground_950_gt.ply,100.0,100.0
ground_143_gt.ply,100.0,100.0
ground_1174_gt.ply,100.0,100.0
ground_697_gt.ply,100.0,100.0
ground_209_gt.ply,100.0,100.0
ground_712_gt.ply,100.0,100.0
ground_185_gt.ply,100.0,100.0
ground_126_gt.ply,100.0,100.0
ground_140_gt.ply,100.0,100.0
ground_607_gt.ply,100.0,100.0
ground_10_gt.ply,100.0,100.0
ground_237_gt.ply,100.0,100.0
ground_594_gt.ply,100.0,100.0
ground_784_gt.ply,100.0,100.0
ground_1205_gt.ply,100.0,100.0
ground_638_gt.ply,100.0,100.0
ground_1340_gt.ply,100.0,100.0
ground_1297_gt.ply,100.0,100.0
ground_179_gt.ply,100.0,100.0
ground_915_gt.ply,100.0,100.0
ground_806_gt.ply,100.0,100.0
ground_1032_gt.ply,100.0,100.0
ground_953_gt.ply,100.0,100.0
ground_370_gt.ply,100.0,100.0
ground_986_gt.ply,100.0,100.0
ground_652_gt.ply,100.0,100.0
ground_1294_gt.ply,100.0,100.0
ground_1157_gt.ply,100.0,100.0
ground_630_gt.ply,100.0,100.0
ground_398_gt.ply,100.0,100.0
ground_1292_gt.ply,100.0,100.0
ground_942_gt.ply,100.0,100.0
ground_1184_gt.ply,100.0,100.0
ground_220_gt.ply,100.0,100.0
ground_1427_gt.ply,100.0,100.0
ground_599_gt.ply,100.0,100.0
ground_1324_gt.ply,100.0,100.0
ground_1094_gt.ply,100.0,100.0
ground_1134_gt.ply,100.0,100.0
ground_1122_gt.ply,100.0,100.0
ground_1283_gt.ply,100.0,100.0
ground_1405_gt.ply,100.0,100.0
ground_505_gt.ply,100.0,100.0
ground_708_gt.ply,100.0,100.0
ground_1181_gt.ply,100.0,100.0
ground_422_gt.ply,100.0,100.0
ground_443_gt.ply,100.0,100.0
ground_1393_gt.ply,100.0,100.0
ground_930_gt.ply,100.0,100.0
ground_1100_gt.ply,100.0,100.0
ground_1415_gt.ply,100.0,100.0
ground_1093_gt.ply,100.0,100.0
ground_975_gt.ply,100.0,100.0
ground_303_gt.ply,100.0,100.0
ground_1050_gt.ply,100.0,100.0
ground_943_gt.ply,100.0,100.0
ground_52_gt.ply,100.0,100.0
ground_765_gt.ply,100.0,100.0
ground_226_gt.ply,100.0,100.0
ground_358_gt.ply,100.0,100.0
ground_670_gt.ply,100.0,100.0
ground_575_gt.ply,100.0,100.0
ground_324_gt.ply,100.0,100.0
ground_1390_gt.ply,100.0,100.0
ground_578_gt.ply,100.0,100.0
ground_1108_gt.ply,100.0,100.0
ground_840_gt.ply,100.0,100.0
ground_894_gt.ply,100.0,100.0
ground_1273_gt.ply,100.0,100.0
ground_1179_gt.ply,100.0,100.0
ground_131_gt.ply,100.0,100.0
ground_43_gt.ply,100.0,100.0
ground_1173_gt.ply,100.0,100.0
ground_387_gt.ply,100.0,100.0
ground_1271_gt.ply,100.0,100.0
ground_1020_gt.ply,100.0,100.0
ground_916_gt.ply,100.0,100.0
ground_722_gt.ply,100.0,100.0
ground_540_gt.ply,100.0,100.0
ground_1435_gt.ply,100.0,100.0
ground_604_gt.ply,100.0,100.0
ground_847_gt.ply,100.0,100.0
ground_406_gt.ply,100.0,100.0
ground_315_gt.ply,100.0,100.0
ground_1103_gt.ply,100.0,100.0
ground_1072_gt.ply,100.0,100.0
ground_459_gt.ply,100.0,100.0
ground_974_gt.ply,100.0,100.0
ground_620_gt.ply,100.0,100.0
ground_817_gt.ply,100.0,100.0
ground_928_gt.ply,100.0,100.0
ground_1087_gt.ply,100.0,100.0
ground_1342_gt.ply,100.0,100.0
ground_313_gt.ply,100.0,100.0
ground_568_gt.ply,100.0,100.0
ground_691_gt.ply,100.0,100.0
ground_759_gt.ply,100.0,100.0
ground_1425_gt.ply,100.0,100.0
ground_1238_gt.ply,100.0,100.0
ground_1012_gt.ply,100.0,100.0
ground_745_gt.ply,100.0,100.0
ground_844_gt.ply,100.0,100.0
ground_982_gt.ply,100.0,100.0
ground_709_gt.ply,100.0,100.0
ground_1141_gt.ply,100.0,100.0
ground_210_gt.ply,100.0,100.0
ground_999_gt.ply,100.0,100.0
ground_349_gt.ply,100.0,100.0
ground_289_gt.ply,100.0,100.0
ground_1111_gt.ply,100.0,100.0
ground_170_gt.ply,100.0,100.0
ground_1253_gt.ply,100.0,100.0
ground_625_gt.ply,100.0,100.0
ground_600_gt.ply,100.0,100.0
ground_368_gt.ply,100.0,100.0
ground_717_gt.ply,100.0,100.0
ground_842_gt.ply,100.0,100.0
ground_1048_gt.ply,100.0,100.0
ground_44_gt.ply,100.0,100.0
ground_62_gt.ply,100.0,100.0
ground_565_gt.ply,100.0,100.0
ground_103_gt.ply,100.0,100.0
ground_1216_gt.ply,100.0,100.0
ground_483_gt.ply,100.0,100.0
ground_165_gt.ply,100.0,100.0
ground_499_gt.ply,100.0,100.0
ground_211_gt.ply,100.0,100.0
ground_1056_gt.ply,100.0,100.0
ground_124_gt.ply,100.0,100.0
ground_263_gt.ply,100.0,100.0
ground_28_gt.ply,100.0,100.0
ground_56_gt.ply,100.0,100.0
ground_1060_gt.ply,100.0,100.0
ground_1382_gt.ply,100.0,100.0
ground_796_gt.ply,100.0,100.0
ground_249_gt.ply,100.0,100.0
ground_865_gt.ply,100.0,100.0
ground_834_gt.ply,100.0,100.0
ground_1388_gt.ply,100.0,100.0
ground_327_gt.ply,100.0,100.0
ground_1432_gt.ply,100.0,100.0
ground_1406_gt.ply,100.0,100.0
ground_1376_gt.ply,100.0,100.0
ground_278_gt.ply,100.0,100.0
ground_1186_gt.ply,100.0,100.0
ground_662_gt.ply,100.0,100.0
ground_610_gt.ply,100.0,100.0
ground_1214_gt.ply,100.0,100.0
ground_1187_gt.ply,100.0,100.0
ground_741_gt.ply,100.0,100.0
ground_275_gt.ply,100.0,100.0
ground_343_gt.ply,100.0,100.0
ground_445_gt.ply,100.0,100.0
ground_673_gt.ply,100.0,100.0
ground_376_gt.ply,100.0,100.0
ground_830_gt.ply,100.0,100.0
ground_1079_gt.ply,100.0,100.0
ground_756_gt.ply,100.0,100.0
ground_47_gt.ply,100.0,100.0
ground_1445_gt.ply,100.0,100.0
ground_981_gt.ply,100.0,100.0
ground_1350_gt.ply,100.0,100.0
ground_501_gt.ply,100.0,100.0
ground_1421_gt.ply,100.0,100.0
ground_1101_gt.ply,100.0,100.0
ground_1229_gt.ply,100.0,100.0
ground_374_gt.ply,100.0,100.0
ground_440_gt.ply,100.0,100.0
ground_60_gt.ply,100.0,100.0
ground_699_gt.ply,100.0,100.0
ground_287_gt.ply,100.0,100.0
ground_322_gt.ply,100.0,100.0
ground_1352_gt.ply,100.0,100.0
ground_675_gt.ply,100.0,100.0
ground_534_gt.ply,100.0,100.0
ground_286_gt.ply,100.0,100.0
ground_93_gt.ply,100.0,100.0
ground_0_gt.ply,100.0,100.0
ground_1016_gt.ply,100.0,100.0
ground_1318_gt.ply,100.0,100.0
ground_467_gt.ply,100.0,100.0
ground_589_gt.ply,100.0,100.0
ground_439_gt.ply,100.0,100.0
ground_1234_gt.ply,100.0,100.0
ground_1426_gt.ply,100.0,100.0
ground_1339_gt.ply,100.0,100.0
ground_144_gt.ply,100.0,100.0
ground_1409_gt.ply,100.0,100.0
ground_279_gt.ply,100.0,100.0
ground_902_gt.ply,100.0,100.0
ground_777_gt.ply,100.0,100.0
ground_1039_gt.ply,100.0,100.0
ground_1088_gt.ply,100.0,100.0
ground_277_gt.ply,100.0,100.0
ground_105_gt.ply,100.0,100.0
ground_883_gt.ply,100.0,100.0
ground_294_gt.ply,100.0,100.0
ground_835_gt.ply,100.0,100.0
ground_582_gt.ply,100.0,100.0
ground_1424_gt.ply,100.0,100.0
ground_947_gt.ply,100.0,100.0
ground_935_gt.ply,100.0,100.0
ground_70_gt.ply,100.0,100.0
ground_83_gt.ply,100.0,100.0
ground_1353_gt.ply,100.0,100.0
ground_288_gt.ply,100.0,100.0
ground_1009_gt.ply,100.0,100.0
ground_957_gt.ply,100.0,100.0
ground_645_gt.ply,100.0,100.0
ground_828_gt.ply,100.0,100.0
ground_755_gt.ply,100.0,100.0
ground_617_gt.ply,100.0,100.0
ground_1010_gt.ply,100.0,100.0
ground_1022_gt.ply,100.0,100.0
ground_1266_gt.ply,100.0,100.0
ground_836_gt.ply,100.0,100.0
ground_273_gt.ply,100.0,100.0
ground_1401_gt.ply,100.0,100.0
ground_394_gt.ply,100.0,100.0
ground_96_gt.ply,100.0,100.0
ground_678_gt.ply,100.0,100.0
ground_1284_gt.ply,100.0,100.0
ground_614_gt.ply,100.0,100.0
ground_337_gt.ply,100.0,100.0
ground_1434_gt.ply,100.0,100.0
ground_813_gt.ply,100.0,100.0
ground_152_gt.ply,100.0,100.0
ground_1310_gt.ply,100.0,100.0
ground_1176_gt.ply,100.0,100.0
ground_455_gt.ply,100.0,100.0
ground_615_gt.ply,100.0,100.0
ground_740_gt.ply,100.0,100.0
ground_39_gt.ply,100.0,100.0
ground_496_gt.ply,100.0,100.0
ground_793_gt.ply,100.0,100.0
ground_907_gt.ply,100.0,100.0
ground_795_gt.ply,100.0,100.0
ground_1120_gt.ply,100.0,100.0
ground_1017_gt.ply,100.0,100.0
ground_375_gt.ply,100.0,100.0
ground_234_gt.ply,100.0,100.0
ground_1031_gt.ply,100.0,100.0
ground_1167_gt.ply,100.0,100.0
ground_2_gt.ply,100.0,100.0
ground_15_gt.ply,100.0,100.0
ground_742_gt.ply,100.0,100.0
ground_310_gt.ply,100.0,100.0
ground_707_gt.ply,100.0,100.0
ground_621_gt.ply,100.0,100.0
ground_426_gt.ply,100.0,100.0
ground_1210_gt.ply,100.0,100.0
ground_890_gt.ply,100.0,100.0
ground_1277_gt.ply,100.0,100.0
ground_458_gt.ply,100.0,100.0
ground_276_gt.ply,100.0,100.0
ground_326_gt.ply,100.0,100.0
ground_790_gt.ply,100.0,100.0
ground_448_gt.ply,100.0,100.0
ground_692_gt.ply,100.0,100.0
ground_912_gt.ply,100.0,100.0
ground_407_gt.ply,100.0,100.0
ground_789_gt.ply,100.0,100.0
ground_339_gt.ply,100.0,100.0
ground_1104_gt.ply,100.0,100.0
ground_1224_gt.ply,100.0,100.0
ground_1219_gt.ply,100.0,100.0
ground_1287_gt.ply,100.0,100.0
ground_1410_gt.ply,100.0,100.0
ground_319_gt.ply,100.0,100.0
ground_1014_gt.ply,100.0,100.0
ground_556_gt.ply,100.0,100.0
ground_35_gt.ply,100.0,100.0
ground_180_gt.ply,100.0,100.0
ground_785_gt.ply,100.0,100.0
ground_809_gt.ply,100.0,100.0
ground_528_gt.ply,100.0,100.0
ground_852_gt.ply,100.0,100.0
ground_1208_gt.ply,100.0,100.0
ground_312_gt.ply,100.0,100.0
ground_108_gt.ply,100.0,100.0
ground_536_gt.ply,100.0,100.0
ground_732_gt.ply,100.0,100.0
ground_268_gt.ply,100.0,100.0
ground_1263_gt.ply,100.0,100.0
ground_1078_gt.ply,100.0,100.0
ground_38_gt.ply,100.0,100.0
ground_985_gt.ply,100.0,100.0
ground_134_gt.ply,100.0,100.0
ground_531_gt.ply,100.0,100.0
ground_521_gt.ply,100.0,100.0
ground_1321_gt.ply,100.0,100.0
ground_1305_gt.ply,100.0,100.0
ground_516_gt.ply,100.0,100.0
ground_473_gt.ply,100.0,100.0
ground_814_gt.ply,100.0,100.0
ground_1258_gt.ply,100.0,100.0
ground_1419_gt.ply,100.0,100.0
ground_163_gt.ply,100.0,100.0
ground_535_gt.ply,100.0,100.0
ground_632_gt.ply,100.0,100.0
ground_57_gt.ply,100.0,100.0
ground_29_gt.ply,100.0,100.0
ground_533_gt.ply,100.0,100.0
ground_1083_gt.ply,100.0,100.0
ground_1019_gt.ply,100.0,100.0
ground_1106_gt.ply,100.0,100.0
ground_201_gt.ply,100.0,100.0
ground_802_gt.ply,100.0,100.0
ground_89_gt.ply,100.0,100.0
ground_1018_gt.ply,100.0,100.0
ground_148_gt.ply,100.0,100.0
ground_393_gt.ply,100.0,100.0
ground_478_gt.ply,100.0,100.0
ground_1188_gt.ply,100.0,100.0
ground_416_gt.ply,100.0,100.0
ground_1058_gt.ply,100.0,100.0
ground_513_gt.ply,100.0,100.0
ground_479_gt.ply,100.0,100.0
ground_491_gt.ply,100.0,100.0
ground_820_gt.ply,100.0,100.0
ground_341_gt.ply,100.0,100.0
ground_643_gt.ply,100.0,100.0
ground_1358_gt.ply,100.0,100.0
ground_1436_gt.ply,100.0,100.0
ground_687_gt.ply,100.0,100.0
ground_904_gt.ply,100.0,100.0
ground_1161_gt.ply,100.0,100.0
ground_539_gt.ply,100.0,100.0
ground_871_gt.ply,100.0,100.0
ground_264_gt.ply,100.0,100.0
ground_1374_gt.ply,100.0,100.0
ground_285_gt.ply,100.0,100.0
ground_474_gt.ply,100.0,100.0
ground_1169_gt.ply,100.0,100.0
ground_1308_gt.ply,100.0,100.0
ground_557_gt.ply,100.0,100.0
ground_815_gt.ply,100.0,100.0
ground_425_gt.ply,100.0,100.0
ground_572_gt.ply,100.0,100.0
ground_498_gt.ply,100.0,100.0
ground_1191_gt.ply,100.0,100.0
ground_22_gt.ply,100.0,100.0
ground_569_gt.ply,100.0,100.0
ground_380_gt.ply,100.0,100.0
ground_207_gt.ply,100.0,100.0
ground_995_gt.ply,100.0,100.0
ground_261_gt.ply,100.0,100.0
ground_223_gt.ply,100.0,100.0
ground_1158_gt.ply,100.0,100.0
ground_653_gt.ply,100.0,100.0
ground_1444_gt.ply,100.0,100.0
ground_68_gt.ply,100.0,100.0
ground_468_gt.ply,100.0,100.0
ground_405_gt.ply,100.0,100.0
ground_786_gt.ply,100.0,100.0
ground_308_gt.ply,100.0,100.0
ground_1129_gt.ply,100.0,100.0
ground_1274_gt.ply,100.0,100.0
ground_434_gt.ply,100.0,100.0
ground_9_gt.ply,100.0,100.0
ground_1360_gt.ply,100.0,100.0
ground_1302_gt.ply,100.0,100.0
ground_872_gt.ply,100.0,100.0
ground_781_gt.ply,100.0,100.0
ground_551_gt.ply,100.0,100.0
ground_1245_gt.ply,100.0,100.0
ground_602_gt.ply,100.0,100.0
ground_1089_gt.ply,100.0,100.0
ground_1081_gt.ply,100.0,100.0
ground_402_gt.ply,100.0,100.0
ground_271_gt.ply,100.0,100.0
ground_1369_gt.ply,100.0,100.0
ground_1225_gt.ply,100.0,100.0
ground_1220_gt.ply,100.0,100.0
ground_1107_gt.ply,100.0,100.0
ground_438_gt.ply,100.0,100.0
ground_1035_gt.ply,100.0,100.0
ground_891_gt.ply,100.0,100.0
ground_583_gt.ply,100.0,100.0
ground_351_gt.ply,100.0,100.0
ground_677_gt.ply,100.0,100.0
ground_633_gt.ply,100.0,100.0
ground_102_gt.ply,100.0,100.0
ground_803_gt.ply,100.0,100.0
ground_488_gt.ply,100.0,100.0
ground_88_gt.ply,100.0,100.0
ground_882_gt.ply,100.0,100.0
ground_918_gt.ply,100.0,100.0
ground_1257_gt.ply,100.0,100.0
ground_241_gt.ply,100.0,100.0
ground_1272_gt.ply,100.0,100.0
ground_86_gt.ply,100.0,100.0
ground_265_gt.ply,100.0,100.0
ground_731_gt.ply,100.0,100.0
ground_199_gt.ply,100.0,100.0
ground_1392_gt.ply,100.0,100.0
ground_580_gt.ply,100.0,100.0
ground_198_gt.ply,100.0,100.0
ground_555_gt.ply,100.0,100.0
ground_1076_gt.ply,100.0,100.0
ground_688_gt.ply,100.0,100.0
ground_622_gt.ply,100.0,100.0
ground_884_gt.ply,100.0,100.0
ground_821_gt.ply,100.0,100.0
ground_1130_gt.ply,100.0,100.0
ground_1368_gt.ply,100.0,100.0
ground_1242_gt.ply,100.0,100.0
ground_1226_gt.ply,100.0,100.0
ground_1080_gt.ply,100.0,100.0
ground_1156_gt.ply,100.0,100.0
ground_1278_gt.ply,100.0,100.0
ground_764_gt.ply,100.0,100.0
ground_90_gt.ply,100.0,100.0
ground_508_gt.ply,100.0,100.0
ground_80_gt.ply,100.0,100.0
ground_597_gt.ply,100.0,100.0
ground_857_gt.ply,100.0,100.0
ground_1247_gt.ply,100.0,100.0
ground_1351_gt.ply,100.0,100.0
ground_132_gt.ply,100.0,100.0
ground_449_gt.ply,100.0,100.0
ground_454_gt.ply,100.0,100.0
ground_1373_gt.ply,100.0,100.0
ground_146_gt.ply,100.0,100.0
ground_1071_gt.ply,100.0,100.0
ground_354_gt.ply,100.0,100.0
ground_807_gt.ply,100.0,100.0
ground_752_gt.ply,100.0,100.0
ground_161_gt.ply,100.0,100.0
ground_738_gt.ply,100.0,100.0
ground_892_gt.ply,100.0,100.0
ground_545_gt.ply,100.0,100.0
ground_49_gt.ply,100.0,100.0
ground_695_gt.ply,100.0,100.0
ground_1315_gt.ply,100.0,100.0
ground_1124_gt.ply,100.0,100.0
ground_442_gt.ply,100.0,100.0
ground_1239_gt.ply,100.0,100.0
ground_390_gt.ply,100.0,100.0
ground_469_gt.ply,100.0,100.0
ground_5_gt.ply,100.0,100.0
ground_590_gt.ply,100.0,100.0
ground_933_gt.ply,100.0,100.0
ground_82_gt.ply,100.0,100.0
ground_411_gt.ply,100.0,100.0
ground_1206_gt.ply,100.0,100.0
ground_1059_gt.ply,100.0,100.0
ground_876_gt.ply,100.0,100.0
ground_113_gt.ply,100.0,100.0
ground_541_gt.ply,100.0,100.0
ground_1099_gt.ply,100.0,100.0
ground_958_gt.ply,100.0,100.0
ground_410_gt.ply,100.0,100.0
ground_1276_gt.ply,100.0,100.0
ground_1361_gt.ply,100.0,100.0
ground_721_gt.ply,100.0,100.0
ground_1281_gt.ply,100.0,100.0
ground_1196_gt.ply,100.0,100.0
ground_960_gt.ply,100.0,100.0
ground_1147_gt.ply,100.0,100.0
ground_1054_gt.ply,100.0,100.0
ground_175_gt.ply,100.0,100.0
ground_378_gt.ply,100.0,100.0
ground_166_gt.ply,100.0,100.0
ground_290_gt.ply,100.0,100.0
ground_990_gt.ply,100.0,100.0
ground_1030_gt.ply,100.0,100.0
ground_26_gt.ply,100.0,100.0
ground_431_gt.ply,100.0,100.0
ground_306_gt.ply,100.0,100.0
ground_397_gt.ply,100.0,100.0
ground_350_gt.ply,100.0,100.0
ground_177_gt.ply,100.0,100.0
ground_428_gt.ply,100.0,100.0
ground_419_gt.ply,100.0,100.0
ground_1394_gt.ply,100.0,100.0
ground_1243_gt.ply,100.0,100.0
ground_77_gt.ply,100.0,100.0
ground_845_gt.ply,100.0,100.0
ground_37_gt.ply,100.0,100.0
ground_747_gt.ply,100.0,100.0
ground_181_gt.ply,100.0,100.0
ground_400_gt.ply,100.0,100.0
ground_1133_gt.ply,100.0,100.0
ground_463_gt.ply,100.0,100.0
ground_1385_gt.ply,100.0,100.0
ground_1146_gt.ply,100.0,100.0
ground_636_gt.ply,100.0,100.0
ground_272_gt.ply,100.0,100.0
ground_778_gt.ply,100.0,100.0
ground_1057_gt.ply,100.0,100.0
ground_1414_gt.ply,100.0,100.0
ground_1149_gt.ply,100.0,100.0
ground_661_gt.ply,100.0,100.0
ground_336_gt.ply,100.0,100.0
ground_792_gt.ply,100.0,100.0
ground_106_gt.ply,100.0,100.0
ground_159_gt.ply,100.0,100.0
ground_1299_gt.ply,100.0,100.0
ground_743_gt.ply,100.0,100.0
ground_729_gt.ply,100.0,100.0
ground_1235_gt.ply,100.0,100.0
ground_1159_gt.ply,100.0,100.0
ground_254_gt.ply,100.0,100.0
ground_1037_gt.ply,100.0,100.0
ground_72_gt.ply,100.0,100.0
ground_581_gt.ply,100.0,100.0
ground_115_gt.ply,100.0,100.0
ground_444_gt.ply,100.0,100.0
ground_1036_gt.ply,100.0,100.0
ground_783_gt.ply,100.0,100.0
ground_573_gt.ply,100.0,100.0
ground_627_gt.ply,100.0,100.0
ground_1347_gt.ply,100.0,100.0
ground_606_gt.ply,100.0,100.0
ground_1075_gt.ply,100.0,100.0
ground_1311_gt.ply,100.0,100.0
ground_1335_gt.ply,100.0,100.0
ground_595_gt.ply,100.0,100.0
ground_361_gt.ply,100.0,100.0
ground_978_gt.ply,100.0,100.0
ground_991_gt.ply,100.0,100.0
ground_941_gt.ply,100.0,100.0
ground_383_gt.ply,100.0,100.0
ground_1327_gt.ply,100.0,100.0
ground_1221_gt.ply,100.0,100.0
ground_514_gt.ply,100.0,100.0
ground_192_gt.ply,100.0,100.0
ground_325_gt.ply,100.0,100.0
ground_938_gt.ply,100.0,100.0
ground_1085_gt.ply,100.0,100.0
ground_232_gt.ply,100.0,100.0
ground_112_gt.ply,100.0,100.0
ground_217_gt.ply,100.0,100.0
ground_1429_gt.ply,100.0,100.0
ground_1066_gt.ply,100.0,100.0
ground_1118_gt.ply,100.0,100.0
ground_659_gt.ply,100.0,100.0
ground_1139_gt.ply,100.0,100.0
ground_1407_gt.ply,100.0,100.0
ground_492_gt.ply,100.0,100.0
ground_1042_gt.ply,100.0,100.0
ground_1430_gt.ply,100.0,100.0
ground_1250_gt.ply,100.0,100.0
ground_1153_gt.ply,100.0,100.0
ground_1127_gt.ply,100.0,100.0
ground_186_gt.ply,100.0,100.0
ground_1165_gt.ply,100.0,100.0
ground_147_gt.ply,100.0,100.0
ground_870_gt.ply,100.0,100.0
ground_955_gt.ply,100.0,100.0
ground_1033_gt.ply,100.0,100.0
ground_48_gt.ply,100.0,100.0
ground_1029_gt.ply,100.0,100.0
ground_257_gt.ply,100.0,100.0
ground_989_gt.ply,100.0,100.0
ground_685_gt.ply,100.0,100.0
ground_779_gt.ply,100.0,100.0
ground_503_gt.ply,100.0,100.0
ground_1043_gt.ply,100.0,100.0
ground_1341_gt.ply,100.0,100.0
ground_714_gt.ply,100.0,100.0
ground_860_gt.ply,100.0,100.0
ground_118_gt.ply,100.0,100.0
ground_888_gt.ply,100.0,100.0
ground_968_gt.ply,100.0,100.0
ground_256_gt.ply,100.0,100.0
ground_1408_gt.ply,100.0,100.0
ground_53_gt.ply,100.0,100.0
ground_392_gt.ply,100.0,100.0
ground_768_gt.ply,100.0,100.0
ground_952_gt.ply,100.0,100.0
ground_780_gt.ply,100.0,100.0
ground_637_gt.ply,100.0,100.0
ground_811_gt.ply,100.0,100.0
ground_1333_gt.ply,100.0,100.0
ground_1152_gt.ply,100.0,100.0
ground_1096_gt.ply,100.0,100.0
ground_592_gt.ply,100.0,100.0
ground_512_gt.ply,100.0,100.0
ground_863_gt.ply,100.0,100.0
ground_910_gt.ply,100.0,100.0
ground_17_gt.ply,100.0,100.0
ground_733_gt.ply,100.0,100.0
ground_1377_gt.ply,100.0,100.0
ground_1062_gt.ply,100.0,100.0
ground_794_gt.ply,100.0,100.0
ground_1155_gt.ply,100.0,100.0
ground_548_gt.ply,100.0,100.0
ground_332_gt.ply,100.0,100.0
ground_1331_gt.ply,100.0,100.0
ground_423_gt.ply,100.0,100.0
ground_843_gt.ply,100.0,100.0
ground_153_gt.ply,100.0,100.0
ground_136_gt.ply,100.0,100.0
ground_1418_gt.ply,100.0,100.0
ground_1231_gt.ply,100.0,100.0
ground_379_gt.ply,100.0,100.0
ground_619_gt.ply,100.0,100.0
ground_391_gt.ply,100.0,100.0
ground_537_gt.ply,100.0,100.0
ground_886_gt.ply,100.0,100.0
ground_1309_gt.ply,100.0,100.0
ground_344_gt.ply,100.0,100.0
ground_1185_gt.ply,100.0,100.0
ground_359_gt.ply,100.0,100.0
ground_1295_gt.ply,100.0,100.0
ground_1317_gt.ply,100.0,100.0
ground_471_gt.ply,100.0,100.0
ground_519_gt.ply,100.0,100.0
ground_560_gt.ply,100.0,100.0
ground_1172_gt.ply,100.0,100.0
ground_1026_gt.ply,100.0,100.0
ground_553_gt.ply,100.0,100.0
ground_382_gt.ply,100.0,100.0
ground_510_gt.ply,100.0,100.0
ground_1217_gt.ply,100.0,100.0
ground_481_gt.ply,100.0,100.0
ground_427_gt.ply,100.0,100.0
ground_841_gt.ply,100.0,100.0
ground_1074_gt.ply,100.0,100.0
ground_66_gt.ply,100.0,100.0
ground_869_gt.ply,100.0,100.0
ground_1403_gt.ply,100.0,100.0
ground_917_gt.ply,100.0,100.0
ground_1162_gt.ply,100.0,100.0
ground_1028_gt.ply,100.0,100.0
ground_788_gt.ply,100.0,100.0
ground_1113_gt.ply,100.0,100.0
ground_965_gt.ply,100.0,100.0
ground_893_gt.ply,100.0,100.0
ground_719_gt.ply,100.0,100.0
ground_895_gt.ply,100.0,100.0
ground_1365_gt.ply,100.0,100.0
ground_329_gt.ply,100.0,100.0
ground_808_gt.ply,100.0,100.0
ground_1055_gt.ply,100.0,100.0
ground_853_gt.ply,100.0,100.0
ground_45_gt.ply,100.0,100.0
ground_846_gt.ply,100.0,100.0
ground_1412_gt.ply,100.0,100.0
ground_399_gt.ply,100.0,100.0
ground_1119_gt.ply,100.0,100.0
ground_801_gt.ply,100.0,100.0
ground_100_gt.ply,100.0,100.0
ground_1260_gt.ply,100.0,100.0
ground_1248_gt.ply,100.0,100.0
ground_861_gt.ply,100.0,100.0
ground_1439_gt.ply,100.0,100.0
ground_923_gt.ply,100.0,100.0
ground_50_gt.ply,100.0,100.0
ground_318_gt.ply,100.0,100.0
ground_1004_gt.ply,100.0,100.0
ground_805_gt.ply,100.0,100.0
ground_404_gt.ply,100.0,100.0
ground_1386_gt.ply,100.0,100.0
ground_500_gt.ply,100.0,100.0
ground_243_gt.ply,100.0,100.0
ground_724_gt.ply,100.0,100.0
ground_1211_gt.ply,100.0,100.0
ground_538_gt.ply,100.0,100.0
ground_964_gt.ply,100.0,100.0
ground_335_gt.ply,100.0,100.0
ground_7_gt.ply,100.0,100.0
ground_176_gt.ply,100.0,100.0
ground_267_gt.ply,100.0,100.0
ground_107_gt.ply,100.0,100.0
ground_585_gt.ply,100.0,100.0
ground_1396_gt.ply,100.0,100.0
ground_73_gt.ply,100.0,100.0
ground_54_gt.ply,100.0,100.0
ground_197_gt.ply,100.0,100.0
ground_1431_gt.ply,100.0,100.0
ground_1044_gt.ply,100.0,100.0
ground_345_gt.ply,100.0,100.0
ground_1345_gt.ply,100.0,100.0
ground_1301_gt.ply,100.0,100.0
ground_730_gt.ply,100.0,100.0
ground_1384_gt.ply,100.0,100.0
ground_851_gt.ply,100.0,100.0
ground_704_gt.ply,100.0,100.0
ground_672_gt.ply,100.0,100.0
ground_951_gt.ply,100.0,100.0
ground_222_gt.ply,100.0,100.0
ground_726_gt.ply,100.0,100.0
ground_1255_gt.ply,100.0,100.0
ground_767_gt.ply,100.0,100.0
ground_55_gt.ply,100.0,100.0
ground_205_gt.ply,100.0,100.0
ground_1131_gt.ply,100.0,100.0
ground_770_gt.ply,100.0,100.0
ground_476_gt.ply,100.0,100.0
ground_810_gt.ply,100.0,100.0
ground_959_gt.ply,100.0,100.0
ground_896_gt.ply,100.0,100.0
ground_33_gt.ply,100.0,100.0
ground_1395_gt.ply,100.0,100.0
ground_363_gt.ply,100.0,100.0
ground_1069_gt.ply,100.0,100.0
ground_67_gt.ply,100.0,100.0
ground_1061_gt.ply,100.0,100.0
ground_898_gt.ply,100.0,100.0
ground_864_gt.ply,100.0,100.0
ground_203_gt.ply,100.0,100.0
ground_760_gt.ply,100.0,100.0
ground_437_gt.ply,100.0,100.0
ground_460_gt.ply,100.0,100.0
ground_58_gt.ply,100.0,100.0
ground_304_gt.ply,100.0,100.0
ground_6_gt.ply,100.0,100.0
ground_1303_gt.ply,100.0,100.0
ground_527_gt.ply,100.0,100.0
ground_356_gt.ply,100.0,100.0
ground_76_gt.ply,100.0,100.0
ground_248_gt.ply,100.0,100.0
ground_104_gt.ply,100.0,100.0
ground_832_gt.ply,100.0,100.0
ground_949_gt.ply,100.0,100.0
ground_859_gt.ply,100.0,100.0
ground_522_gt.ply,100.0,100.0
ground_1123_gt.ply,100.0,100.0
ground_976_gt.ply,100.0,100.0
ground_11_gt.ply,100.0,100.0
ground_216_gt.ply,100.0,100.0
ground_129_gt.ply,100.0,100.0
ground_825_gt.ply,100.0,100.0
ground_386_gt.ply,100.0,100.0
ground_591_gt.ply,100.0,100.0
ground_79_gt.ply,100.0,100.0
ground_204_gt.ply,100.0,100.0
ground_816_gt.ply,100.0,100.0
ground_1115_gt.ply,100.0,100.0
ground_787_gt.ply,100.0,100.0
ground_111_gt.ply,100.0,100.0
ground_824_gt.ply,100.0,100.0
ground_110_gt.ply,100.0,100.0
ground_866_gt.ply,100.0,100.0
ground_338_gt.ply,100.0,100.0
ground_1372_gt.ply,100.0,100.0
ground_885_gt.ply,100.0,100.0
ground_1397_gt.ply,100.0,100.0
ground_868_gt.ply,100.0,100.0
ground_340_gt.ply,100.0,100.0
ground_1383_gt.ply,100.0,100.0
ground_432_gt.ply,100.0,100.0
ground_114_gt.ply,100.0,100.0
ground_239_gt.ply,100.0,100.0
ground_1241_gt.ply,100.0,100.0
ground_1312_gt.ply,100.0,100.0
ground_227_gt.ply,100.0,100.0
ground_1140_gt.ply,100.0,100.0
ground_1202_gt.ply,100.0,100.0
ground_931_gt.ply,100.0,100.0
ground_78_gt.ply,100.0,100.0
ground_1323_gt.ply,100.0,100.0
ground_127_gt.ply,100.0,100.0
ground_242_gt.ply,100.0,100.0
ground_1256_gt.ply,100.0,100.0
ground_487_gt.ply,100.0,100.0
ground_797_gt.ply,100.0,100.0
ground_665_gt.ply,100.0,100.0
ground_924_gt.ply,100.0,100.0
ground_1178_gt.ply,100.0,100.0
ground_631_gt.ply,100.0,100.0
ground_737_gt.ply,100.0,100.0
ground_1047_gt.ply,100.0,100.0
ground_660_gt.ply,100.0,100.0
ground_848_gt.ply,100.0,100.0
ground_611_gt.ply,100.0,100.0
ground_774_gt.ply,100.0,100.0
ground_191_gt.ply,100.0,100.0
ground_51_gt.ply,100.0,100.0
ground_646_gt.ply,100.0,100.0
ground_651_gt.ply,100.0,100.0
ground_348_gt.ply,100.0,100.0
ground_1355_gt.ply,100.0,100.0
ground_693_gt.ply,100.0,100.0
ground_1197_gt.ply,100.0,100.0
ground_1354_gt.ply,100.0,100.0
ground_193_gt.ply,100.0,100.0
ground_1070_gt.ply,100.0,100.0
ground_818_gt.ply,100.0,100.0
ground_1132_gt.ply,100.0,100.0
ground_791_gt.ply,100.0,100.0
ground_887_gt.ply,100.0,100.0
ground_347_gt.ply,100.0,100.0
ground_1007_gt.ply,100.0,100.0
ground_25_gt.ply,100.0,100.0
ground_262_gt.ply,100.0,100.0
ground_515_gt.ply,100.0,100.0
ground_1180_gt.ply,100.0,100.0
ground_187_gt.ply,100.0,100.0
ground_141_gt.ply,100.0,100.0
ground_1249_gt.ply,100.0,100.0
ground_412_gt.ply,100.0,100.0
ground_301_gt.ply,100.0,100.0
ground_482_gt.ply,100.0,100.0
ground_64_gt.ply,100.0,100.0
ground_168_gt.ply,100.0,100.0
ground_1095_gt.ply,100.0,100.0
ground_926_gt.ply,100.0,100.0
ground_552_gt.ply,100.0,100.0
ground_1097_gt.ply,100.0,100.0
ground_233_gt.ply,100.0,100.0
ground_381_gt.ply,100.0,100.0
ground_618_gt.ply,100.0,100.0
ground_333_gt.ply,100.0,100.0
ground_1126_gt.ply,100.0,100.0
ground_1423_gt.ply,100.0,100.0
ground_323_gt.ply,100.0,100.0
ground_1073_gt.ply,100.0,100.0
ground_1008_gt.ply,100.0,100.0
ground_465_gt.ply,100.0,100.0
ground_663_gt.ply,100.0,100.0
ground_1313_gt.ply,100.0,100.0
ground_644_gt.ply,100.0,100.0
ground_189_gt.ply,100.0,100.0
ground_1293_gt.ply,100.0,100.0
ground_920_gt.ply,100.0,100.0
ground_1084_gt.ply,100.0,100.0
ground_1422_gt.ply,100.0,100.0
ground_1005_gt.ply,100.0,100.0
ground_684_gt.ply,100.0,100.0
ground_1189_gt.ply,100.0,100.0
ground_1212_gt.ply,100.0,100.0
ground_962_gt.ply,100.0,100.0
ground_1296_gt.ply,100.0,100.0
ground_138_gt.ply,100.0,100.0
ground_658_gt.ply,100.0,100.0
ground_727_gt.ply,100.0,100.0
ground_913_gt.ply,100.0,100.0
ground_934_gt.ply,100.0,100.0
ground_563_gt.ply,100.0,100.0
ground_342_gt.ply,100.0,100.0
ground_849_gt.ply,100.0,100.0
ground_235_gt.ply,100.0,100.0
ground_456_gt.ply,100.0,100.0
ground_1326_gt.ply,100.0,100.0
ground_1252_gt.ply,100.0,100.0
ground_493_gt.ply,100.0,100.0
ground_274_gt.ply,100.0,100.0
ground_642_gt.ply,100.0,100.0
ground_1236_gt.ply,100.0,100.0
ground_464_gt.ply,100.0,100.0
ground_725_gt.ply,100.0,100.0
ground_686_gt.ply,100.0,100.0
ground_385_gt.ply,100.0,100.0
ground_292_gt.ply,100.0,100.0
ground_157_gt.ply,100.0,100.0
ground_137_gt.ply,100.0,100.0
ground_649_gt.ply,100.0,100.0
ground_1259_gt.ply,100.0,100.0
ground_689_gt.ply,100.0,100.0
ground_403_gt.ply,100.0,100.0
ground_1128_gt.ply,100.0,100.0
ground_255_gt.ply,100.0,100.0
ground_570_gt.ply,100.0,100.0
ground_1349_gt.ply,100.0,100.0
ground_526_gt.ply,100.0,100.0
ground_1170_gt.ply,100.0,100.0
ground_564_gt.ply,100.0,100.0
ground_123_gt.ply,100.0,100.0
ground_921_gt.ply,100.0,100.0
ground_603_gt.ply,100.0,100.0
ground_716_gt.ply,100.0,100.0
ground_657_gt.ply,100.0,100.0
ground_769_gt.ply,100.0,100.0
ground_1244_gt.ply,100.0,100.0
ground_101_gt.ply,100.0,100.0
ground_1053_gt.ply,100.0,100.0
ground_932_gt.ply,100.0,100.0
ground_1227_gt.ply,100.0,100.0
ground_1267_gt.ply,100.0,100.0
ground_291_gt.ply,100.0,100.0
ground_1371_gt.ply,100.0,100.0
ground_1319_gt.ply,100.0,100.0
ground_462_gt.ply,100.0,100.0
ground_698_gt.ply,100.0,100.0
ground_365_gt.ply,100.0,100.0
ground_753_gt.ply,100.0,100.0
ground_862_gt.ply,100.0,100.0
ground_880_gt.ply,100.0,100.0
ground_238_gt.ply,100.0,100.0
ground_130_gt.ply,100.0,100.0
ground_457_gt.ply,100.0,100.0
ground_1002_gt.ply,100.0,100.0
ground_231_gt.ply,100.0,100.0
ground_1442_gt.ply,100.0,100.0
ground_850_gt.ply,100.0,100.0
ground_221_gt.ply,100.0,100.0
ground_559_gt.ply,100.0,100.0
ground_24_gt.ply,100.0,100.0
ground_1183_gt.ply,100.0,100.0
ground_1265_gt.ply,100.0,100.0
ground_542_gt.ply,100.0,100.0
ground_739_gt.ply,100.0,100.0
ground_1362_gt.ply,100.0,100.0
ground_1330_gt.ply,100.0,100.0
ground_549_gt.ply,100.0,100.0
ground_1137_gt.ply,100.0,100.0
ground_1289_gt.ply,100.0,100.0
ground_838_gt.ply,100.0,100.0
ground_230_gt.ply,100.0,100.0
ground_470_gt.ply,100.0,100.0
ground_506_gt.ply,100.0,100.0
ground_517_gt.ply,100.0,100.0
ground_215_gt.ply,100.0,100.0
ground_1262_gt.ply,100.0,100.0
ground_946_gt.ply,100.0,100.0
ground_1343_gt.ply,100.0,100.0
ground_1228_gt.ply,100.0,100.0
ground_1143_gt.ply,100.0,100.0
ground_212_gt.ply,100.0,100.0
ground_41_gt.ply,100.0,100.0
ground_703_gt.ply,100.0,100.0
ground_1051_gt.ply,100.0,100.0
ground_1237_gt.ply,100.0,100.0
ground_525_gt.ply,100.0,100.0
ground_409_gt.ply,100.0,100.0
ground_360_gt.ply,100.0,100.0
ground_281_gt.ply,100.0,100.0
ground_317_gt.ply,100.0,100.0
ground_122_gt.ply,100.0,100.0
ground_979_gt.ply,100.0,100.0
ground_13_gt.ply,100.0,100.0
ground_1413_gt.ply,100.0,100.0
ground_635_gt.ply,100.0,100.0
ground_1387_gt.ply,100.0,100.0
ground_1334_gt.ply,100.0,100.0
ground_1381_gt.ply,100.0,100.0
ground_1416_gt.ply,100.0,100.0
ground_623_gt.ply,100.0,100.0
ground_543_gt.ply,100.0,100.0
ground_520_gt.ply,100.0,100.0
ground_4_gt.ply,100.0,100.0
ground_901_gt.ply,100.0,100.0
ground_1064_gt.ply,100.0,100.0
ground_1254_gt.ply,100.0,100.0
ground_396_gt.ply,100.0,100.0
ground_734_gt.ply,100.0,100.0
ground_1136_gt.ply,100.0,100.0
ground_84_gt.ply,100.0,100.0
ground_167_gt.ply,100.0,100.0
ground_587_gt.ply,100.0,100.0
ground_352_gt.ply,100.0,100.0
ground_997_gt.ply,100.0,100.0
ground_1379_gt.ply,100.0,100.0
ground_1109_gt.ply,100.0,100.0
ground_961_gt.ply,100.0,100.0
ground_244_gt.ply,100.0,100.0
ground_744_gt.ply,100.0,100.0
ground_1222_gt.ply,100.0,100.0
ground_996_gt.ply,100.0,100.0
ground_173_gt.ply,100.0,100.0
ground_655_gt.ply,100.0,100.0
ground_1261_gt.ply,100.0,100.0
ground_1433_gt.ply,100.0,100.0
ground_98_gt.ply,100.0,100.0
ground_71_gt.ply,100.0,100.0
ground_139_gt.ply,100.0,100.0
ground_706_gt.ply,100.0,100.0
ground_973_gt.ply,100.0,100.0
ground_877_gt.ply,100.0,100.0
ground_1015_gt.ply,100.0,100.0
ground_1290_gt.ply,100.0,100.0
ground_799_gt.ply,100.0,100.0
ground_609_gt.ply,100.0,100.0
ground_395_gt.ply,100.0,100.0
ground_674_gt.ply,100.0,100.0
ground_371_gt.ply,100.0,100.0
ground_30_gt.ply,100.0,100.0
ground_1175_gt.ply,100.0,100.0
ground_647_gt.ply,100.0,100.0
ground_150_gt.ply,100.0,100.0
ground_18_gt.ply,100.0,100.0
ground_305_gt.ply,100.0,100.0
ground_547_gt.ply,100.0,100.0
ground_558_gt.ply,100.0,100.0
ground_1182_gt.ply,100.0,100.0
ground_236_gt.ply,100.0,100.0
ground_311_gt.ply,100.0,100.0
ground_919_gt.ply,100.0,100.0
ground_418_gt.ply,100.0,100.0
ground_666_gt.ply,100.0,100.0
ground_1105_gt.ply,100.0,100.0
ground_969_gt.ply,100.0,100.0
ground_1356_gt.ply,100.0,100.0
ground_1402_gt.ply,100.0,100.0
ground_490_gt.ply,100.0,100.0
ground_574_gt.ply,100.0,100.0
ground_184_gt.ply,100.0,100.0
ground_954_gt.ply,100.0,100.0
ground_190_gt.ply,100.0,100.0
ground_966_gt.ply,100.0,100.0
ground_532_gt.ply,100.0,100.0
ground_299_gt.ply,100.0,100.0
ground_149_gt.ply,100.0,100.0
ground_300_gt.ply,100.0,100.0
ground_253_gt.ply,100.0,100.0
ground_42_gt.ply,100.0,100.0
ground_384_gt.ply,100.0,100.0
ground_1092_gt.ply,100.0,100.0
ground_1428_gt.ply,100.0,100.0
ground_858_gt.ply,100.0,100.0
ground_776_gt.ply,100.0,100.0
ground_757_gt.ply,100.0,100.0
ground_172_gt.ply,100.0,100.0
ground_74_gt.ply,100.0,100.0
ground_1320_gt.ply,100.0,100.0
ground_200_gt.ply,100.0,100.0
ground_331_gt.ply,100.0,100.0
ground_705_gt.ply,100.0,100.0
ground_328_gt.ply,100.0,100.0
ground_899_gt.ply,100.0,100.0
ground_648_gt.ply,100.0,100.0
ground_120_gt.ply,100.0,100.0
ground_1285_gt.ply,100.0,100.0
ground_1192_gt.ply,100.0,100.0
ground_988_gt.ply,100.0,100.0
ground_700_gt.ply,100.0,100.0
ground_831_gt.ply,100.0,100.0
ground_524_gt.ply,100.0,100.0
ground_156_gt.ply,100.0,100.0
ground_417_gt.ply,100.0,100.0
ground_1166_gt.ply,100.0,100.0
ground_92_gt.ply,100.0,100.0
ground_1203_gt.ply,100.0,100.0
ground_874_gt.ply,100.0,100.0
ground_280_gt.ply,100.0,100.0
ground_1398_gt.ply,100.0,100.0
ground_475_gt.ply,100.0,100.0
ground_680_gt.ply,100.0,100.0
ground_229_gt.ply,100.0,100.0
ground_330_gt.ply,100.0,100.0
ground_1138_gt.ply,100.0,100.0
ground_812_gt.ply,100.0,100.0
ground_1399_gt.ply,100.0,100.0
ground_613_gt.ply,100.0,100.0
ground_927_gt.ply,100.0,100.0
ground_307_gt.ply,100.0,100.0
ground_21_gt.ply,100.0,100.0
ground_297_gt.ply,100.0,100.0
ground_282_gt.ply,100.0,100.0
ground_91_gt.ply,100.0,100.0
ground_1135_gt.ply,100.0,100.0
ground_1288_gt.ply,100.0,100.0
ground_1209_gt.ply,100.0,100.0
ground_1207_gt.ply,100.0,100.0
ground_8_gt.ply,100.0,100.0
ground_441_gt.ply,100.0,100.0
ground_694_gt.ply,100.0,100.0
ground_751_gt.ply,100.0,100.0
ground_1040_gt.ply,100.0,100.0
ground_259_gt.ply,100.0,100.0
ground_905_gt.ply,100.0,100.0
ground_472_gt.ply,100.0,100.0
ground_909_gt.ply,100.0,100.0
ground_567_gt.ply,100.0,100.0
ground_99_gt.ply,100.0,100.0
ground_246_gt.ply,100.0,100.0
ground_584_gt.ply,100.0,100.0
ground_1233_gt.ply,100.0,100.0
ground_1240_gt.ply,100.0,100.0
ground_1148_gt.ply,100.0,100.0
ground_804_gt.ply,100.0,100.0
ground_174_gt.ply,100.0,100.0
ground_1049_gt.ply,100.0,100.0
ground_1154_gt.ply,100.0,100.0
ground_1230_gt.ply,100.0,100.0
ground_1000_gt.ply,100.0,100.0
ground_586_gt.ply,100.0,100.0
ground_616_gt.ply,100.0,100.0
ground_1232_gt.ply,100.0,100.0
ground_270_gt.ply,100.0,100.0
ground_1090_gt.ply,100.0,100.0
ground_302_gt.ply,100.0,100.0
ground_1067_gt.ply,100.0,100.0
ground_171_gt.ply,100.0,100.0
ground_1438_gt.ply,100.0,100.0
ground_206_gt.ply,100.0,100.0
ground_867_gt.ply,100.0,100.0
ground_984_gt.ply,100.0,100.0
ground_1314_gt.ply,100.0,100.0
ground_1024_gt.ply,100.0,100.0
ground_588_gt.ply,100.0,100.0
ground_766_gt.ply,100.0,100.0
ground_748_gt.ply,100.0,100.0
ground_128_gt.ply,100.0,100.0
ground_922_gt.ply,100.0,100.0
ground_682_gt.ply,100.0,100.0
ground_1110_gt.ply,100.0,100.0
ground_771_gt.ply,100.0,100.0
ground_1117_gt.ply,100.0,100.0
ground_1102_gt.ply,100.0,100.0
ground_1440_gt.ply,100.0,100.0
ground_1023_gt.ply,100.0,100.0
ground_429_gt.ply,100.0,100.0
ground_208_gt.ply,100.0,100.0
ground_1204_gt.ply,100.0,100.0
ground_546_gt.ply,100.0,100.0
ground_46_gt.ply,100.0,100.0
ground_735_gt.ply,100.0,100.0
ground_720_gt.ply,100.0,100.0
ground_1325_gt.ply,100.0,100.0
ground_424_gt.ply,100.0,100.0
ground_822_gt.ply,100.0,100.0
ground_718_gt.ply,100.0,100.0
ground_65_gt.ply,100.0,100.0
ground_671_gt.ply,100.0,100.0
ground_296_gt.ply,100.0,100.0
ground_346_gt.ply,100.0,100.0
ground_495_gt.ply,100.0,100.0
ground_837_gt.ply,100.0,100.0
ground_963_gt.ply,100.0,100.0
ground_59_gt.ply,100.0,100.0
ground_1_gt.ply,100.0,100.0
ground_749_gt.ply,100.0,100.0
ground_1144_gt.ply,100.0,100.0
ground_183_gt.ply,100.0,100.0
ground_758_gt.ply,100.0,100.0
ground_1269_gt.ply,100.0,100.0
ground_667_gt.ply,100.0,100.0
ground_511_gt.ply,100.0,100.0
ground_245_gt.ply,100.0,100.0
ground_116_gt.ply,100.0,100.0
ground_1164_gt.ply,100.0,100.0
ground_494_gt.ply,100.0,100.0
ground_1367_gt.ply,100.0,100.0
ground_1298_gt.ply,100.0,100.0
ground_1307_gt.ply,100.0,100.0
ground_401_gt.ply,100.0,100.0
ground_362_gt.ply,100.0,100.0
ground_218_gt.ply,100.0,100.0
ground_650_gt.ply,100.0,100.0
ground_119_gt.ply,100.0,100.0
ground_1068_gt.ply,100.0,100.0
ground_413_gt.ply,100.0,100.0
ground_554_gt.ply,100.0,100.0
ground_903_gt.ply,100.0,100.0
ground_800_gt.ply,100.0,100.0
ground_188_gt.ply,100.0,100.0
ground_829_gt.ply,100.0,100.0
ground_1193_gt.ply,100.0,100.0
ground_761_gt.ply,100.0,100.0
ground_605_gt.ply,100.0,100.0
ground_32_gt.ply,100.0,100.0
ground_702_gt.ply,100.0,100.0
ground_314_gt.ply,100.0,100.0
ground_1437_gt.ply,100.0,100.0
ground_929_gt.ply,100.0,100.0
ground_987_gt.ply,100.0,100.0
ground_1337_gt.ply,100.0,100.0
ground_214_gt.ply,100.0,100.0
ground_364_gt.ply,100.0,100.0
ground_1025_gt.ply,100.0,100.0
ground_1199_gt.ply,100.0,100.0
ground_1279_gt.ply,100.0,100.0
ground_251_gt.ply,100.0,100.0
ground_85_gt.ply,100.0,100.0
ground_826_gt.ply,100.0,100.0
ground_1336_gt.ply,100.0,100.0
ground_1194_gt.ply,100.0,100.0
ground_1404_gt.ply,100.0,100.0
ground_446_gt.ply,100.0,100.0
ground_566_gt.ply,100.0,100.0
ground_298_gt.ply,100.0,100.0
ground_1006_gt.ply,100.0,100.0
ground_1198_gt.ply,100.0,100.0
ground_998_gt.ply,100.0,100.0
ground_1190_gt.ply,100.0,100.0
ground_1125_gt.ply,100.0,100.0
ground_97_gt.ply,100.0,100.0
ground_1306_gt.ply,100.0,100.0
ground_450_gt.ply,100.0,100.0
ground_1275_gt.ply,100.0,100.0
ground_750_gt.ply,100.0,100.0
ground_1264_gt.ply,100.0,100.0
ground_3_gt.ply,100.0,100.0
ground_683_gt.ply,100.0,100.0
ground_690_gt.ply,100.0,100.0
ground_1218_gt.ply,100.0,100.0
ground_309_gt.ply,100.0,100.0
ground_736_gt.ply,100.0,100.0
ground_1344_gt.ply,100.0,100.0
ground_908_gt.ply,100.0,100.0
ground_1121_gt.ply,100.0,100.0
ground_87_gt.ply,100.0,100.0
ground_977_gt.ply,100.0,100.0
ground_485_gt.ply,100.0,100.0
ground_889_gt.ply,100.0,100.0
ground_1389_gt.ply,100.0,100.0
ground_1160_gt.ply,100.0,100.0
ground_1195_gt.ply,100.0,100.0
ground_1391_gt.ply,100.0,100.0
ground_372_gt.ply,100.0,100.0
ground_925_gt.ply,100.0,100.0
ground_819_gt.ply,100.0,100.0
ground_154_gt.ply,100.0,100.0
ground_194_gt.ply,100.0,100.0
ground_945_gt.ply,100.0,100.0
ground_117_gt.ply,100.0,100.0
ground_550_gt.ply,100.0,100.0
ground_247_gt.ply,100.0,100.0
ground_219_gt.ply,100.0,100.0
ground_1316_gt.ply,100.0,100.0
ground_1338_gt.ply,100.0,100.0
ground_31_gt.ply,100.0,100.0
ground_1282_gt.ply,100.0,100.0
ground_504_gt.ply,100.0,100.0
ground_654_gt.ply,100.0,100.0
ground_252_gt.ply,100.0,100.0
ground_135_gt.ply,100.0,100.0
ground_679_gt.ply,100.0,100.0
ground_983_gt.ply,100.0,100.0
ground_213_gt.ply,100.0,100.0
ground_713_gt.ply,100.0,100.0
ground_827_gt.ply,100.0,100.0
ground_81_gt.ply,100.0,100.0
ground_1268_gt.ply,100.0,100.0
ground_1038_gt.ply,100.0,100.0
ground_878_gt.ply,100.0,100.0
ground_414_gt.ply,100.0,100.0
ground_202_gt.ply,100.0,100.0
ground_577_gt.ply,100.0,100.0
ground_993_gt.ply,100.0,100.0
ground_19_gt.ply,100.0,100.0
ground_224_gt.ply,100.0,100.0
ground_389_gt.ply,100.0,100.0
ground_772_gt.ply,100.0,100.0
ground_447_gt.ply,100.0,100.0
ground_497_gt.ply,100.0,100.0
ground_269_gt.ply,100.0,100.0
ground_897_gt.ply,100.0,100.0
ground_489_gt.ply,100.0,100.0
ground_1370_gt.ply,100.0,100.0
ground_377_gt.ply,100.0,100.0
ground_523_gt.ply,100.0,100.0
ground_94_gt.ply,100.0,100.0
ground_855_gt.ply,100.0,100.0
ground_1045_gt.ply,100.0,100.0
ground_773_gt.ply,100.0,100.0
ground_182_gt.ply,100.0,100.0
ground_357_gt.ply,100.0,100.0
ground_421_gt.ply,100.0,100.0
ground_561_gt.ply,100.0,100.0
ground_75_gt.ply,100.0,100.0
ground_430_gt.ply,100.0,100.0
ground_1411_gt.ply,100.0,100.0
ground_939_gt.ply,100.0,100.0
ground_121_gt.ply,100.0,100.0
ground_353_gt.ply,100.0,100.0
ground_1375_gt.ply,100.0,100.0
ground_225_gt.ply,100.0,100.0
ground_369_gt.ply,100.0,100.0
ground_1304_gt.ply,100.0,100.0
ground_20_gt.ply,100.0,100.0
ground_875_gt.ply,100.0,100.0
ground_12_gt.ply,100.0,100.0
ground_1177_gt.ply,100.0,100.0
ground_480_gt.ply,100.0,100.0
ground_668_gt.ply,100.0,100.0
ground_628_gt.ply,100.0,100.0
ground_664_gt.ply,100.0,100.0
ground_453_gt.ply,100.0,100.0
ground_27_gt.ply,100.0,100.0
ground_1013_gt.ply,100.0,100.0
ground_1151_gt.ply,100.0,100.0
ground_142_gt.ply,100.0,100.0
ground_710_gt.ply,100.0,100.0
mean_fscore,100.0,100.0
